module,file,task,assignee
module_001,implementation/modules/module_001.py,Implement module logic and unit tests,unassigned
module_001,implementation/modules/module_001.py,Implement module logic and unit tests,unassigned
module_002,implementation/modules/module_002.py,Implement module logic and unit tests,unassigned
module_002,implementation/modules/module_002.py,Implement module logic and unit tests,unassigned
module_003,implementation/modules/module_003.py,Implement module logic and unit tests,unassigned
module_003,implementation/modules/module_003.py,Implement module logic and unit tests,unassigned
module_004,implementation/modules/module_004.py,Implement module logic and unit tests,unassigned
module_004,implementation/modules/module_004.py,Implement module logic and unit tests,unassigned
module_005,implementation/modules/module_005.py,Implement module logic and unit tests,unassigned
module_005,implementation/modules/module_005.py,Implement module logic and unit tests,unassigned
module_006,implementation/modules/module_006.py,Implement module logic and unit tests,unassigned
module_006,implementation/modules/module_006.py,Implement module logic and unit tests,unassigned
module_007,implementation/modules/module_007.py,Implement module logic and unit tests,unassigned
module_007,implementation/modules/module_007.py,Implement module logic and unit tests,unassigned
module_008,implementation/modules/module_008.py,Implement module logic and unit tests,unassigned
module_008,implementation/modules/module_008.py,Implement module logic and unit tests,unassigned
module_009,implementation/modules/module_009.py,Implement module logic and unit tests,unassigned
module_009,implementation/modules/module_009.py,Implement module logic and unit tests,unassigned
module_010,implementation/modules/module_010.py,Implement module logic and unit tests,unassigned
module_010,implementation/modules/module_010.py,Implement module logic and unit tests,unassigned
module_011,implementation/modules/module_011.py,Implement module logic and unit tests,unassigned
module_011,implementation/modules/module_011.py,Implement module logic and unit tests,unassigned
module_012,implementation/modules/module_012.py,Implement module logic and unit tests,unassigned
module_012,implementation/modules/module_012.py,Implement module logic and unit tests,unassigned
module_013,implementation/modules/module_013.py,Implement module logic and unit tests,unassigned
module_013,implementation/modules/module_013.py,Implement module logic and unit tests,unassigned
module_014,implementation/modules/module_014.py,Implement module logic and unit tests,unassigned
module_014,implementation/modules/module_014.py,Implement module logic and unit tests,unassigned
module_015,implementation/modules/module_015.py,Implement module logic and unit tests,unassigned
module_015,implementation/modules/module_015.py,Implement module logic and unit tests,unassigned
module_016,implementation/modules/module_016.py,Implement module logic and unit tests,unassigned
module_016,implementation/modules/module_016.py,Implement module logic and unit tests,unassigned
module_017,implementation/modules/module_017.py,Implement module logic and unit tests,unassigned
module_017,implementation/modules/module_017.py,Implement module logic and unit tests,unassigned
module_018,implementation/modules/module_018.py,Implement module logic and unit tests,unassigned
module_018,implementation/modules/module_018.py,Implement module logic and unit tests,unassigned
module_019,implementation/modules/module_019.py,Implement module logic and unit tests,unassigned
module_019,implementation/modules/module_019.py,Implement module logic and unit tests,unassigned
module_020,implementation/modules/module_020.py,Implement module logic and unit tests,unassigned
module_020,implementation/modules/module_020.py,Implement module logic and unit tests,unassigned
module_021,implementation/modules/module_021.py,Implement module logic and unit tests,unassigned
module_021,implementation/modules/module_021.py,Implement module logic and unit tests,unassigned
module_022,implementation/modules/module_022.py,Implement module logic and unit tests,unassigned
module_022,implementation/modules/module_022.py,Implement module logic and unit tests,unassigned
module_023,implementation/modules/module_023.py,Implement module logic and unit tests,unassigned
module_023,implementation/modules/module_023.py,Implement module logic and unit tests,unassigned
module_024,implementation/modules/module_024.py,Implement module logic and unit tests,unassigned
module_024,implementation/modules/module_024.py,Implement module logic and unit tests,unassigned
module_025,implementation/modules/module_025.py,Implement module logic and unit tests,unassigned
module_025,implementation/modules/module_025.py,Implement module logic and unit tests,unassigned
module_026,implementation/modules/module_026.py,Implement module logic and unit tests,unassigned
module_026,implementation/modules/module_026.py,Implement module logic and unit tests,unassigned
module_027,implementation/modules/module_027.py,Implement module logic and unit tests,unassigned
module_027,implementation/modules/module_027.py,Implement module logic and unit tests,unassigned
module_028,implementation/modules/module_028.py,Implement module logic and unit tests,unassigned
module_028,implementation/modules/module_028.py,Implement module logic and unit tests,unassigned
module_029,implementation/modules/module_029.py,Implement module logic and unit tests,unassigned
module_029,implementation/modules/module_029.py,Implement module logic and unit tests,unassigned
module_030,implementation/modules/module_030.py,Implement module logic and unit tests,unassigned
module_030,implementation/modules/module_030.py,Implement module logic and unit tests,unassigned
module_031,implementation/modules/module_031.py,Implement module logic and unit tests,unassigned
module_031,implementation/modules/module_031.py,Implement module logic and unit tests,unassigned
module_032,implementation/modules/module_032.py,Implement module logic and unit tests,unassigned
module_032,implementation/modules/module_032.py,Implement module logic and unit tests,unassigned
module_033,implementation/modules/module_033.py,Implement module logic and unit tests,unassigned
module_033,implementation/modules/module_033.py,Implement module logic and unit tests,unassigned
module_034,implementation/modules/module_034.py,Implement module logic and unit tests,unassigned
module_034,implementation/modules/module_034.py,Implement module logic and unit tests,unassigned
module_035,implementation/modules/module_035.py,Implement module logic and unit tests,unassigned
module_035,implementation/modules/module_035.py,Implement module logic and unit tests,unassigned
module_036,implementation/modules/module_036.py,Implement module logic and unit tests,unassigned
module_036,implementation/modules/module_036.py,Implement module logic and unit tests,unassigned
module_037,implementation/modules/module_037.py,Implement module logic and unit tests,unassigned
module_037,implementation/modules/module_037.py,Implement module logic and unit tests,unassigned
module_038,implementation/modules/module_038.py,Implement module logic and unit tests,unassigned
module_038,implementation/modules/module_038.py,Implement module logic and unit tests,unassigned
module_039,implementation/modules/module_039.py,Implement module logic and unit tests,unassigned
module_039,implementation/modules/module_039.py,Implement module logic and unit tests,unassigned
module_040,implementation/modules/module_040.py,Implement module logic and unit tests,unassigned
module_040,implementation/modules/module_040.py,Implement module logic and unit tests,unassigned
module_041,implementation/modules/module_041.py,Implement module logic and unit tests,unassigned
module_041,implementation/modules/module_041.py,Implement module logic and unit tests,unassigned
module_042,implementation/modules/module_042.py,Implement module logic and unit tests,unassigned
module_042,implementation/modules/module_042.py,Implement module logic and unit tests,unassigned
module_043,implementation/modules/module_043.py,Implement module logic and unit tests,unassigned
module_043,implementation/modules/module_043.py,Implement module logic and unit tests,unassigned
module_044,implementation/modules/module_044.py,Implement module logic and unit tests,unassigned
module_044,implementation/modules/module_044.py,Implement module logic and unit tests,unassigned
module_045,implementation/modules/module_045.py,Implement module logic and unit tests,unassigned
module_045,implementation/modules/module_045.py,Implement module logic and unit tests,unassigned
module_046,implementation/modules/module_046.py,Implement module logic and unit tests,unassigned
module_046,implementation/modules/module_046.py,Implement module logic and unit tests,unassigned
module_047,implementation/modules/module_047.py,Implement module logic and unit tests,unassigned
module_047,implementation/modules/module_047.py,Implement module logic and unit tests,unassigned
module_048,implementation/modules/module_048.py,Implement module logic and unit tests,unassigned
module_048,implementation/modules/module_048.py,Implement module logic and unit tests,unassigned
module_049,implementation/modules/module_049.py,Implement module logic and unit tests,unassigned
module_049,implementation/modules/module_049.py,Implement module logic and unit tests,unassigned
module_050,implementation/modules/module_050.py,Implement module logic and unit tests,unassigned
module_050,implementation/modules/module_050.py,Implement module logic and unit tests,unassigned
module_051,implementation/modules/module_051.py,Implement module logic and unit tests,unassigned
module_051,implementation/modules/module_051.py,Implement module logic and unit tests,unassigned
module_052,implementation/modules/module_052.py,Implement module logic and unit tests,unassigned
module_052,implementation/modules/module_052.py,Implement module logic and unit tests,unassigned
module_053,implementation/modules/module_053.py,Implement module logic and unit tests,unassigned
module_053,implementation/modules/module_053.py,Implement module logic and unit tests,unassigned
module_054,implementation/modules/module_054.py,Implement module logic and unit tests,unassigned
module_054,implementation/modules/module_054.py,Implement module logic and unit tests,unassigned
module_055,implementation/modules/module_055.py,Implement module logic and unit tests,unassigned
module_055,implementation/modules/module_055.py,Implement module logic and unit tests,unassigned
module_056,implementation/modules/module_056.py,Implement module logic and unit tests,unassigned
module_056,implementation/modules/module_056.py,Implement module logic and unit tests,unassigned
module_057,implementation/modules/module_057.py,Implement module logic and unit tests,unassigned
module_057,implementation/modules/module_057.py,Implement module logic and unit tests,unassigned
module_058,implementation/modules/module_058.py,Implement module logic and unit tests,unassigned
module_058,implementation/modules/module_058.py,Implement module logic and unit tests,unassigned
module_059,implementation/modules/module_059.py,Implement module logic and unit tests,unassigned
module_059,implementation/modules/module_059.py,Implement module logic and unit tests,unassigned
module_060,implementation/modules/module_060.py,Implement module logic and unit tests,unassigned
module_060,implementation/modules/module_060.py,Implement module logic and unit tests,unassigned
module_061,implementation/modules/module_061.py,Implement module logic and unit tests,unassigned
module_061,implementation/modules/module_061.py,Implement module logic and unit tests,unassigned
module_062,implementation/modules/module_062.py,Implement module logic and unit tests,unassigned
module_062,implementation/modules/module_062.py,Implement module logic and unit tests,unassigned
module_063,implementation/modules/module_063.py,Implement module logic and unit tests,unassigned
module_063,implementation/modules/module_063.py,Implement module logic and unit tests,unassigned
module_064,implementation/modules/module_064.py,Implement module logic and unit tests,unassigned
module_064,implementation/modules/module_064.py,Implement module logic and unit tests,unassigned
module_065,implementation/modules/module_065.py,Implement module logic and unit tests,unassigned
module_065,implementation/modules/module_065.py,Implement module logic and unit tests,unassigned
module_066,implementation/modules/module_066.py,Implement module logic and unit tests,unassigned
module_066,implementation/modules/module_066.py,Implement module logic and unit tests,unassigned
module_067,implementation/modules/module_067.py,Implement module logic and unit tests,unassigned
module_067,implementation/modules/module_067.py,Implement module logic and unit tests,unassigned
module_068,implementation/modules/module_068.py,Implement module logic and unit tests,unassigned
module_068,implementation/modules/module_068.py,Implement module logic and unit tests,unassigned
module_069,implementation/modules/module_069.py,Implement module logic and unit tests,unassigned
module_069,implementation/modules/module_069.py,Implement module logic and unit tests,unassigned
module_070,implementation/modules/module_070.py,Implement module logic and unit tests,unassigned
module_070,implementation/modules/module_070.py,Implement module logic and unit tests,unassigned
module_071,implementation/modules/module_071.py,Implement module logic and unit tests,unassigned
module_071,implementation/modules/module_071.py,Implement module logic and unit tests,unassigned
module_072,implementation/modules/module_072.py,Implement module logic and unit tests,unassigned
module_072,implementation/modules/module_072.py,Implement module logic and unit tests,unassigned
module_073,implementation/modules/module_073.py,Implement module logic and unit tests,unassigned
module_073,implementation/modules/module_073.py,Implement module logic and unit tests,unassigned
module_074,implementation/modules/module_074.py,Implement module logic and unit tests,unassigned
module_074,implementation/modules/module_074.py,Implement module logic and unit tests,unassigned
module_075,implementation/modules/module_075.py,Implement module logic and unit tests,unassigned
module_075,implementation/modules/module_075.py,Implement module logic and unit tests,unassigned
module_076,implementation/modules/module_076.py,Implement module logic and unit tests,unassigned
module_076,implementation/modules/module_076.py,Implement module logic and unit tests,unassigned
module_077,implementation/modules/module_077.py,Implement module logic and unit tests,unassigned
module_077,implementation/modules/module_077.py,Implement module logic and unit tests,unassigned
module_078,implementation/modules/module_078.py,Implement module logic and unit tests,unassigned
module_078,implementation/modules/module_078.py,Implement module logic and unit tests,unassigned
module_079,implementation/modules/module_079.py,Implement module logic and unit tests,unassigned
module_079,implementation/modules/module_079.py,Implement module logic and unit tests,unassigned
module_080,implementation/modules/module_080.py,Implement module logic and unit tests,unassigned
module_080,implementation/modules/module_080.py,Implement module logic and unit tests,unassigned
module_081,implementation/modules/module_081.py,Implement module logic and unit tests,unassigned
module_081,implementation/modules/module_081.py,Implement module logic and unit tests,unassigned
module_082,implementation/modules/module_082.py,Implement module logic and unit tests,unassigned
module_082,implementation/modules/module_082.py,Implement module logic and unit tests,unassigned
module_083,implementation/modules/module_083.py,Implement module logic and unit tests,unassigned
module_083,implementation/modules/module_083.py,Implement module logic and unit tests,unassigned
module_084,implementation/modules/module_084.py,Implement module logic and unit tests,unassigned
module_084,implementation/modules/module_084.py,Implement module logic and unit tests,unassigned
module_085,implementation/modules/module_085.py,Implement module logic and unit tests,unassigned
module_085,implementation/modules/module_085.py,Implement module logic and unit tests,unassigned
module_086,implementation/modules/module_086.py,Implement module logic and unit tests,unassigned
module_086,implementation/modules/module_086.py,Implement module logic and unit tests,unassigned
module_087,implementation/modules/module_087.py,Implement module logic and unit tests,unassigned
module_087,implementation/modules/module_087.py,Implement module logic and unit tests,unassigned
module_088,implementation/modules/module_088.py,Implement module logic and unit tests,unassigned
module_088,implementation/modules/module_088.py,Implement module logic and unit tests,unassigned
module_089,implementation/modules/module_089.py,Implement module logic and unit tests,unassigned
module_089,implementation/modules/module_089.py,Implement module logic and unit tests,unassigned
module_090,implementation/modules/module_090.py,Implement module logic and unit tests,unassigned
module_090,implementation/modules/module_090.py,Implement module logic and unit tests,unassigned
module_091,implementation/modules/module_091.py,Implement module logic and unit tests,unassigned
module_091,implementation/modules/module_091.py,Implement module logic and unit tests,unassigned
module_092,implementation/modules/module_092.py,Implement module logic and unit tests,unassigned
module_092,implementation/modules/module_092.py,Implement module logic and unit tests,unassigned
module_093,implementation/modules/module_093.py,Implement module logic and unit tests,unassigned
module_093,implementation/modules/module_093.py,Implement module logic and unit tests,unassigned
module_094,implementation/modules/module_094.py,Implement module logic and unit tests,unassigned
module_094,implementation/modules/module_094.py,Implement module logic and unit tests,unassigned
module_095,implementation/modules/module_095.py,Implement module logic and unit tests,unassigned
module_095,implementation/modules/module_095.py,Implement module logic and unit tests,unassigned
module_096,implementation/modules/module_096.py,Implement module logic and unit tests,unassigned
module_096,implementation/modules/module_096.py,Implement module logic and unit tests,unassigned
module_097,implementation/modules/module_097.py,Implement module logic and unit tests,unassigned
module_097,implementation/modules/module_097.py,Implement module logic and unit tests,unassigned
module_098,implementation/modules/module_098.py,Implement module logic and unit tests,unassigned
module_098,implementation/modules/module_098.py,Implement module logic and unit tests,unassigned
module_099,implementation/modules/module_099.py,Implement module logic and unit tests,unassigned
module_099,implementation/modules/module_099.py,Implement module logic and unit tests,unassigned
module_100,implementation/modules/module_100.py,Implement module logic and unit tests,unassigned
module_100,implementation/modules/module_100.py,Implement module logic and unit tests,unassigned
module_101,implementation/modules/module_101.py,Implement module logic and unit tests,unassigned
module_101,implementation/modules/module_101.py,Implement module logic and unit tests,unassigned
module_102,implementation/modules/module_102.py,Implement module logic and unit tests,unassigned
module_102,implementation/modules/module_102.py,Implement module logic and unit tests,unassigned
module_103,implementation/modules/module_103.py,Implement module logic and unit tests,unassigned
module_103,implementation/modules/module_103.py,Implement module logic and unit tests,unassigned
module_104,implementation/modules/module_104.py,Implement module logic and unit tests,unassigned
module_104,implementation/modules/module_104.py,Implement module logic and unit tests,unassigned
module_105,implementation/modules/module_105.py,Implement module logic and unit tests,unassigned
module_105,implementation/modules/module_105.py,Implement module logic and unit tests,unassigned
module_106,implementation/modules/module_106.py,Implement module logic and unit tests,unassigned
module_106,implementation/modules/module_106.py,Implement module logic and unit tests,unassigned
module_107,implementation/modules/module_107.py,Implement module logic and unit tests,unassigned
module_107,implementation/modules/module_107.py,Implement module logic and unit tests,unassigned
module_108,implementation/modules/module_108.py,Implement module logic and unit tests,unassigned
module_108,implementation/modules/module_108.py,Implement module logic and unit tests,unassigned
module_109,implementation/modules/module_109.py,Implement module logic and unit tests,unassigned
module_109,implementation/modules/module_109.py,Implement module logic and unit tests,unassigned
module_110,implementation/modules/module_110.py,Implement module logic and unit tests,unassigned
module_110,implementation/modules/module_110.py,Implement module logic and unit tests,unassigned
module_111,implementation/modules/module_111.py,Implement module logic and unit tests,unassigned
module_111,implementation/modules/module_111.py,Implement module logic and unit tests,unassigned
module_112,implementation/modules/module_112.py,Implement module logic and unit tests,unassigned
module_112,implementation/modules/module_112.py,Implement module logic and unit tests,unassigned
module_113,implementation/modules/module_113.py,Implement module logic and unit tests,unassigned
module_113,implementation/modules/module_113.py,Implement module logic and unit tests,unassigned
module_114,implementation/modules/module_114.py,Implement module logic and unit tests,unassigned
module_114,implementation/modules/module_114.py,Implement module logic and unit tests,unassigned
