module,filename,line_rate,lines_valid,lines_covered
module_001.py,implementation/modules/module_001.py,0.5000,2,1
module_002.py,implementation/modules/module_002.py,0.5000,2,1
module_003.py,implementation/modules/module_003.py,0.5000,2,1
module_004.py,implementation/modules/module_004.py,0.5000,2,1
module_005.py,implementation/modules/module_005.py,0.5000,2,1
module_006.py,implementation/modules/module_006.py,0.5000,2,1
module_007.py,implementation/modules/module_007.py,0.5000,2,1
module_008.py,implementation/modules/module_008.py,0.5000,2,1
module_009.py,implementation/modules/module_009.py,0.5000,2,1
module_010.py,implementation/modules/module_010.py,0.5000,2,1
module_011.py,implementation/modules/module_011.py,0.5000,2,1
module_012.py,implementation/modules/module_012.py,0.5000,2,1
module_013.py,implementation/modules/module_013.py,1.0000,2,2
module_014.py,implementation/modules/module_014.py,1.0000,2,2
module_015.py,implementation/modules/module_015.py,1.0000,2,2
module_016.py,implementation/modules/module_016.py,1.0000,2,2
module_017.py,implementation/modules/module_017.py,1.0000,2,2
module_018.py,implementation/modules/module_018.py,1.0000,2,2
module_019.py,implementation/modules/module_019.py,1.0000,2,2
module_020.py,implementation/modules/module_020.py,1.0000,2,2
module_021.py,implementation/modules/module_021.py,1.0000,2,2
module_022.py,implementation/modules/module_022.py,1.0000,2,2
module_023.py,implementation/modules/module_023.py,1.0000,2,2
module_024.py,implementation/modules/module_024.py,1.0000,2,2
module_025.py,implementation/modules/module_025.py,1.0000,2,2
module_026.py,implementation/modules/module_026.py,1.0000,2,2
module_027.py,implementation/modules/module_027.py,1.0000,2,2
module_028.py,implementation/modules/module_028.py,1.0000,2,2
module_029.py,implementation/modules/module_029.py,1.0000,2,2
module_030.py,implementation/modules/module_030.py,1.0000,2,2
module_031.py,implementation/modules/module_031.py,1.0000,2,2
module_032.py,implementation/modules/module_032.py,1.0000,2,2
module_033.py,implementation/modules/module_033.py,1.0000,2,2
module_034.py,implementation/modules/module_034.py,1.0000,2,2
module_035.py,implementation/modules/module_035.py,1.0000,2,2
module_036.py,implementation/modules/module_036.py,1.0000,2,2
module_037.py,implementation/modules/module_037.py,1.0000,2,2
module_038.py,implementation/modules/module_038.py,1.0000,2,2
module_039.py,implementation/modules/module_039.py,1.0000,2,2
module_040.py,implementation/modules/module_040.py,1.0000,2,2
module_041.py,implementation/modules/module_041.py,1.0000,2,2
module_042.py,implementation/modules/module_042.py,1.0000,2,2
module_043.py,implementation/modules/module_043.py,1.0000,2,2
module_044.py,implementation/modules/module_044.py,1.0000,2,2
module_045.py,implementation/modules/module_045.py,1.0000,2,2
module_046.py,implementation/modules/module_046.py,1.0000,2,2
module_047.py,implementation/modules/module_047.py,1.0000,2,2
module_048.py,implementation/modules/module_048.py,1.0000,2,2
module_049.py,implementation/modules/module_049.py,1.0000,2,2
module_050.py,implementation/modules/module_050.py,1.0000,2,2
module_051.py,implementation/modules/module_051.py,1.0000,2,2
module_052.py,implementation/modules/module_052.py,1.0000,2,2
module_053.py,implementation/modules/module_053.py,1.0000,2,2
module_054.py,implementation/modules/module_054.py,1.0000,2,2
module_055.py,implementation/modules/module_055.py,1.0000,2,2
module_056.py,implementation/modules/module_056.py,1.0000,2,2
module_057.py,implementation/modules/module_057.py,1.0000,2,2
module_058.py,implementation/modules/module_058.py,1.0000,2,2
module_059.py,implementation/modules/module_059.py,1.0000,2,2
module_060.py,implementation/modules/module_060.py,1.0000,2,2
module_061.py,implementation/modules/module_061.py,1.0000,2,2
module_062.py,implementation/modules/module_062.py,1.0000,2,2
module_063.py,implementation/modules/module_063.py,1.0000,2,2
module_064.py,implementation/modules/module_064.py,1.0000,2,2
module_065.py,implementation/modules/module_065.py,1.0000,2,2
module_066.py,implementation/modules/module_066.py,1.0000,2,2
module_067.py,implementation/modules/module_067.py,1.0000,2,2
module_068.py,implementation/modules/module_068.py,1.0000,2,2
module_069.py,implementation/modules/module_069.py,1.0000,2,2
module_070.py,implementation/modules/module_070.py,1.0000,2,2
module_071.py,implementation/modules/module_071.py,1.0000,2,2
module_072.py,implementation/modules/module_072.py,1.0000,2,2
module_073.py,implementation/modules/module_073.py,1.0000,2,2
module_074.py,implementation/modules/module_074.py,1.0000,2,2
module_075.py,implementation/modules/module_075.py,1.0000,2,2
module_076.py,implementation/modules/module_076.py,1.0000,2,2
module_077.py,implementation/modules/module_077.py,1.0000,2,2
module_078.py,implementation/modules/module_078.py,1.0000,2,2
module_079.py,implementation/modules/module_079.py,1.0000,2,2
module_080.py,implementation/modules/module_080.py,1.0000,2,2
module_081.py,implementation/modules/module_081.py,1.0000,2,2
module_082.py,implementation/modules/module_082.py,1.0000,2,2
module_083.py,implementation/modules/module_083.py,1.0000,2,2
module_084.py,implementation/modules/module_084.py,1.0000,2,2
module_085.py,implementation/modules/module_085.py,1.0000,2,2
module_086.py,implementation/modules/module_086.py,1.0000,2,2
module_087.py,implementation/modules/module_087.py,1.0000,2,2
module_088.py,implementation/modules/module_088.py,1.0000,2,2
module_089.py,implementation/modules/module_089.py,1.0000,2,2
module_090.py,implementation/modules/module_090.py,1.0000,2,2
module_091.py,implementation/modules/module_091.py,1.0000,2,2
module_092.py,implementation/modules/module_092.py,1.0000,2,2
module_093.py,implementation/modules/module_093.py,1.0000,2,2
module_094.py,implementation/modules/module_094.py,1.0000,2,2
module_095.py,implementation/modules/module_095.py,1.0000,2,2
module_096.py,implementation/modules/module_096.py,1.0000,2,2
module_097.py,implementation/modules/module_097.py,1.0000,2,2
module_098.py,implementation/modules/module_098.py,1.0000,2,2
module_099.py,implementation/modules/module_099.py,1.0000,2,2
module_100.py,implementation/modules/module_100.py,1.0000,2,2
module_101.py,implementation/modules/module_101.py,1.0000,2,2
module_102.py,implementation/modules/module_102.py,1.0000,2,2
module_103.py,implementation/modules/module_103.py,1.0000,2,2
module_104.py,implementation/modules/module_104.py,1.0000,2,2
module_105.py,implementation/modules/module_105.py,1.0000,2,2
module_106.py,implementation/modules/module_106.py,1.0000,2,2
module_107.py,implementation/modules/module_107.py,1.0000,2,2
module_108.py,implementation/modules/module_108.py,1.0000,2,2
module_109.py,implementation/modules/module_109.py,1.0000,2,2
module_110.py,implementation/modules/module_110.py,1.0000,2,2
module_111.py,implementation/modules/module_111.py,1.0000,2,2
module_112.py,implementation/modules/module_112.py,1.0000,2,2
module_113.py,implementation/modules/module_113.py,1.0000,2,2
module_114.py,implementation/modules/module_114.py,1.0000,2,2
